Country Name,Country Code,Series Name,Series Code,2018 [YR2018],2019 [YR2019],2020 [YR2020],2021 [YR2021],2022 [YR2022],2023 [YR2023],2024 [YR2024]
Afghanistan,AFG,"Population, total",SP.POP.TOTL,36686784,37769499,38972230,40099462,41128771,42239854,43372950
Africa Eastern and Southern,AFE,"Population, total",SP.POP.TOTL,649757148,667242986,685112979,702977106,720859132,739112053,757862662
Africa Western and Central,AFW,"Population, total",SP.POP.TOTL,442646825,454306063,466189102,478185907,490330870,502789511,515512883
Albania,ALB,"Population, total",SP.POP.TOTL,2866376,2854191,2837849,2811666,2777689,2768265,2762825
Algeria,DZA,"Population, total",SP.POP.TOTL,41927007,42705368,43451666,44177969,44903225,45606480,46278751
American Samoa,ASM,"Population, total",SP.POP.TOTL,48424,47321,46189,45035,44273,43914,43544
Andorra,AND,"Population, total",SP.POP.TOTL,75013,76343,77700,79034,79824,80088,80341
Angola,AGO,"Population, total",SP.POP.TOTL,31273533,32353588,33428486,34503774,35588987,36684202,37804634
Antigua and Barbuda,ATG,"Population, total",SP.POP.TOTL,91626,92117,92664,93219,93763,94298,94816
Arab World,ARB,"Population, total",SP.POP.TOTL,432545676,441467739,449228296,456520777,464684914,473265558,481920294
Argentina,ARG,"Population, total",SP.POP.TOTL,44494502,44938712,45376763,45808747,46234830,46519252,46799296
Armenia,ARM,"Population, total",SP.POP.TOTL,2836557,2820602,2805608,2790974,2780469,2777970,2777979
Aruba,ABW,"Population, total",SP.POP.TOTL,105962,106442,106585,106537,106445,106277,106177
Australia,AUS,"Population, total",SP.POP.TOTL,24963258,25334826,25649248,25685412,26005540,26256970,26506632
Austria,AUT,"Population, total",SP.POP.TOTL,8840521,8879920,8916864,8955797,9041851,9055536,9068574
Azerbaijan,AZE,"Population, total",SP.POP.TOTL,9939771,10024283,10093121,10137750,10141756,10195755,10246234
"Bahamas, The",BHS,"Population, total",SP.POP.TOTL,401906,404557,406471,407906,409984,412623,415223
Bahrain,BHR,"Population, total",SP.POP.TOTL,1487340,1494188,1477469,1463265,1472233,1485509,1498712
Bangladesh,BGD,"Population, total",SP.POP.TOTL,163683958,165516222,167420951,169356251,171186372,172954319,174701211
Barbados,BRB,"Population, total",SP.POP.TOTL,279688,280180,280693,281200,281635,281995,282309
Belarus,BLR,"Population, total",SP.POP.TOTL,9438785,9419758,9379952,9302585,9228071,9187054,9147972
Belgium,BEL,"Population, total",SP.POP.TOTL,11427054,11488980,11538604,11586195,11685814,11714453,11742661
Belize,BLZ,"Population, total",SP.POP.TOTL,382066,389095,394921,400031,405272,410825,416656
Benin,BEN,"Population, total",SP.POP.TOTL,11940683,12290444,12643123,12996895,13352864,13712828,14080072
Bermuda,BMU,"Population, total",SP.POP.TOTL,63918,63911,63893,63764,63532,..,..
Bhutan,BTN,"Population, total",SP.POP.TOTL,762096,767459,772506,777486,782455,787424,792382
Bolivia,BOL,"Population, total",SP.POP.TOTL,11606905,11777315,11936162,12079472,12224110,12388571,12567336
Bosnia and Herzegovina,BIH,"Population, total",SP.POP.TOTL,3400129,3360711,3318407,3270943,3233526,3210847,3194378
Botswana,BWA,"Population, total",SP.POP.TOTL,2451409,2499702,2546402,2588423,2630296,2675352,2719694
Brazil,BRA,"Population, total",SP.POP.TOTL,210166592,211782878,213196304,214326223,215313498,216422446,217637297
British Virgin Islands,VGB,"Population, total",SP.POP.TOTL,30335,30610,30910,31122,31305,31538,31763
Brunei Darussalam,BRN,"Population, total",SP.POP.TOTL,434274,438048,441725,445373,449002,452524,455858
Bulgaria,BGR,"Population, total",SP.POP.TOTL,7025037,6975761,6934015,6877743,6465097,6386070,6333999
Burkina Faso,BFA,"Population, total",SP.POP.TOTL,20392723,20951639,21522626,22100683,22673762,23251485,23840247
Burundi,BDI,"Population, total",SP.POP.TOTL,11493472,11874838,12220227,12551213,12889576,13238559,13591657
Cabo Verde,CPV,"Population, total",SP.POP.TOTL,571202,577030,582640,587925,593149,598682,604461
Cambodia,KHM,"Population, total",SP.POP.TOTL,16025238,16207746,16396860,16589023,16767842,16944826,17121847
Cameroon,CMR,"Population, total",SP.POP.TOTL,25076747,25782341,26491087,27198628,27914536,28647293,29394433
Canada,CAN,"Population, total",SP.POP.TOTL,37065084,37601230,38007166,38226498,38929902,39244168,39555364
Caribbean small states,CSS,"Population, total",SP.POP.TOTL,7374650,7424102,7444768,7481877,7505478,7528219,7552911
Cayman Islands,CYM,"Population, total",SP.POP.TOTL,64884,66134,67311,68136,68706,69310,69885
Central African Republic,CAF,"Population, total",SP.POP.TOTL,5094780,5209324,5343020,5457154,5579144,5742315,5915627
Central Europe and the Baltics,CEB,"Population, total",SP.POP.TOTL,102538451,102398537,102180124,101413176,100108221,98398413,97079214
Chad,TCD,"Population, total",SP.POP.TOTL,15604210,16126866,16644701,17179740,17723315,18278568,18847148
Channel Islands,CHI,"Population, total",SP.POP.TOTL,167259,169410,171113,172683,174079,175346,176631
Chile,CHL,"Population, total",SP.POP.TOTL,18701450,19039485,19300315,19493184,19603733,19629590,19658839
China,CHN,"Population, total",SP.POP.TOTL,1402760000,1407745000,1411100000,1412360000,1412175000,1411878144,1411514112
Colombia,COL,"Population, total",SP.POP.TOTL,49276961,50187406,50930662,51516562,51874024,52085168,52340774
Comoros,COM,"Population, total",SP.POP.TOTL,776313,790986,806166,821625,836774,852075,867605
"Congo, Dem. Rep.",COD,"Population, total",SP.POP.TOTL,87087355,89906890,92853164,95894118,99010212,102262808,105625114
"Congo, Rep.",COG,"Population, total",SP.POP.TOTL,5441062,5570733,5702174,5835806,5970424,6106869,6244547
Costa Rica,CRI,"Population, total",SP.POP.TOTL,5040734,5084532,5123105,5153957,5180829,5212173,5246714
Cote d'Ivoire,CIV,"Population, total",SP.POP.TOTL,25493988,26147551,26811790,27478249,28160542,28873034,29603302
Croatia,HRV,"Population, total",SP.POP.TOTL,4087843,4065253,4047680,3879000,3855600,3834139,3813021
Cuba,CUB,"Population, total",SP.POP.TOTL,11328244,11316697,11300698,11256372,11212191,11194449,11174587
Curacao,CUW,"Population, total",SP.POP.TOTL,159336,157441,154947,152369,149996,150768,151528
Cyprus,CYP,"Population, total",SP.POP.TOTL,1218831,1228836,1237537,1244188,1251488,1260138,1268467
Czechia,CZE,"Population, total",SP.POP.TOTL,10629928,10671870,10697858,10505772,10672118,10680324,10686089
Denmark,DNK,"Population, total",SP.POP.TOTL,5793636,5814422,5831404,5856733,5903037,5928585,5953613
Djibouti,DJI,"Population, total",SP.POP.TOTL,1057198,1073994,1090156,1105557,1120849,1136455,1152329
Dominica,DMA,"Population, total",SP.POP.TOTL,70823,71428,71995,72412,72737,73040,73368
Dominican Republic,DOM,"Population, total",SP.POP.TOTL,10765531,10881882,10999664,11117873,11228821,11332972,11434005
Early-demographic dividend,EAR,"Population, total",SP.POP.TOTL,3292896609,3334561751,3374383528,3411268373,3447398652,3485971283,3526663253
East Asia & Pacific,EAS,"Population, total",SP.POP.TOTL,2341383691,2353856866,2363934334,2370189840,2375162207,2380459880,2385831010
East Asia & Pacific (excluding high income),EAP,"Population, total",SP.POP.TOTL,2094524854,2106391925,2116378687,2123628421,2129112126,2134838443,2140634589
East Asia & Pacific (IDA & IBRD countries),TEA,"Population, total",SP.POP.TOTL,2068898629,2080648616,2090523535,2097669023,2103055378,2108690402,2114402891
Ecuador,ECU,"Population, total",SP.POP.TOTL,17015672,17343740,17588595,17797737,18001000,18190484,18377367
"Egypt, Arab Rep.",EGY,"Population, total",SP.POP.TOTL,103740765,105618671,107465134,109262178,110990103,112716598,114484252
El Salvador,SLV,"Population, total",SP.POP.TOTL,6276342,6280217,6292731,6314167,6336392,6364943,6396289
Equatorial Guinea,GNQ,"Population, total",SP.POP.TOTL,1502091,1553031,1596049,1634466,1674908,1714671,1754993
Eritrea,ERI,"Population, total",SP.POP.TOTL,3445374,3498818,3555868,3620312,3684032,3748901,3817651
Estonia,EST,"Population, total",SP.POP.TOTL,1321977,1326898,1329522,1330932,1348840,1344839,1340718
Eswatini,SWZ,"Population, total",SP.POP.TOTL,1160428,1169613,1180655,1192271,1201670,1210822,1222075
Ethiopia,ETH,"Population, total",SP.POP.TOTL,111129438,114120594,117190911,120283026,123379924,126527060,129719719
Euro area,EMU,"Population, total",SP.POP.TOTL,342065158,342452734,342913447,343063979,344475911,344171314,343886319
Europe & Central Asia,ECS,"Population, total",SP.POP.TOTL,917380453,920277481,922353365,923564027,920375568,921123295,922091065
Europe & Central Asia (excluding high income),ECA,"Population, total",SP.POP.TOTL,396674671,398690076,400061023,401682855,397824705,400011439,402016665
Europe & Central Asia (IDA & IBRD countries),TEC,"Population, total",SP.POP.TOTL,458211234,460092452,461273023,462431038,457549063,458445812,459463166
European Union,EUU,"Population, total",SP.POP.TOTL,447001100,447367191,447692315,447178112,447370510,445602445,444215257
Faroe Islands,FRO,"Population, total",SP.POP.TOTL,50955,51681,52415,52889,53090,53270,53444
Fiji,FJI,"Population, total",SP.POP.TOTL,918996,918465,920422,924610,929766,936375,943072
Finland,FIN,"Population, total",SP.POP.TOTL,5515525,5521606,5529543,5541017,5556106,5558637,5561178
Fragile and conflict affected situations,FCS,"Population, total",SP.POP.TOTL,936721531,957785553,979763631,1001844479,1019139254,1045121612,1071318673
France,FRA,"Population, total",SP.POP.TOTL,67158348,67388001,67571107,67764304,67971311,68095424,68218008
French Polynesia,PYF,"Population, total",SP.POP.TOTL,297606,299717,301920,304032,306279,308872,311383
Gabon,GAB,"Population, total",SP.POP.TOTL,2192012,2242785,2292573,2341179,2388992,2436566,2484557
"Gambia, The",GMB,"Population, total",SP.POP.TOTL,2444916,2508883,2573995,2639916,2705992,2773168,2841803
Georgia,GEO,"Population, total",SP.POP.TOTL,3726549,3720161,3722716,3708610,3712502,3698729,3691679
Germany,DEU,"Population, total",SP.POP.TOTL,82905782,83092962,83160871,83196078,83797985,83699288,83610040
Ghana,GHA,"Population, total",SP.POP.TOTL,30870641,31522290,32180401,32833031,33475870,34121985,34777522
Gibraltar,GIB,"Population, total",SP.POP.TOTL,32648,32685,32709,32669,32649,32688,32718
Greece,GRC,"Population, total",SP.POP.TOTL,10732882,10721582,10698599,10569207,10426919,10384471,10341796
Greenland,GRL,"Population, total",SP.POP.TOTL,56023,56225,56367,56653,56661,..,..
Grenada,GRD,"Population, total",SP.POP.TOTL,121838,122724,123663,124610,125438,126183,126887
Guam,GUM,"Population, total",SP.POP.TOTL,168678,168624,169231,170534,171774,172952,174114
Guatemala,GTM,"Population, total",SP.POP.TOTL,16346950,16604026,16858333,17109746,17357886,17601416,17868220
Guinea,GIN,"Population, total",SP.POP.TOTL,12554864,12877539,13205153,13531906,13859341,14190612,14528770
Guinea-Bissau,GNB,"Population, total",SP.POP.TOTL,1924955,1970457,2015828,2060721,2105566,2150842,2197149
Guyana,GUY,"Population, total",SP.POP.TOTL,785514,798753,797202,804567,808726,813834,819594
Haiti,HTI,"Population, total",SP.POP.TOTL,11012421,11160438,11306801,11447569,11584996,11724763,11867030
Heavily indebted poor countries (HIPC),HPC,"Population, total",SP.POP.TOTL,792615894,815100831,838066650,861156745,884288332,907995430,932252681
High income,HIC,"Population, total",SP.POP.TOTL,1231508785,1236709936,1241718902,1241268556,1244364814,1245416528,1246963850
Honduras,HND,"Population, total",SP.POP.TOTL,9792850,9958829,10121763,10278345,10432860,10593798,10759406
"Hong Kong SAR, China",HKG,"Population, total",SP.POP.TOTL,7452600,7507900,7481000,7413100,7346100,7350409,7353637
Hungary,HUN,"Population, total",SP.POP.TOTL,9775564,9771141,9750149,9709891,9643048,9457003,9308121
Iceland,ISL,"Population, total",SP.POP.TOTL,352721,360563,366463,372520,382003,384407,386755
IDA & IBRD total,IBT,"Population, total",SP.POP.TOTL,6477695468,6553978299,6627317499,6695487825,6754029970,6821827938,6892569598
India,IND,"Population, total",SP.POP.TOTL,1369003306,1383112050,1396387127,1407563842,1417173173,1428627663,1441719852
Indonesia,IDN,"Population, total",SP.POP.TOTL,267066843,269582878,271857970,273753191,275501339,277534122,279798049
"Iran, Islamic Rep.",IRN,"Population, total",SP.POP.TOTL,85617562,86564202,87290193,87923432,88550570,89172767,89809781
Iraq,IRQ,"Population, total",SP.POP.TOTL,40590700,41563520,42556984,43533592,44496122,45504560,46523657
Ireland,IRL,"Population, total",SP.POP.TOTL,4867316,4934340,4985382,5033164,5127170,5160824,5192718
Isle of Man,IMN,"Population, total",SP.POP.TOTL,83775,83933,84046,84263,84519,84710,84904
Israel,ISR,"Population, total",SP.POP.TOTL,8882800,9054000,9215100,9371400,9557500,9700276,9842946
Italy,ITA,"Population, total",SP.POP.TOTL,60421760,59729081,59438851,59133173,58940425,58745744,58550424
Jamaica,JAM,"Population, total",SP.POP.TOTL,2811835,2813773,2820436,2827695,2827377,2825544,2824738
Japan,JPN,"Population, total",SP.POP.TOTL,126811000,126633000,126261000,125681593,125124989,124389416,123673288
Jordan,JOR,"Population, total",SP.POP.TOTL,10459865,10698683,10928721,11148278,11285869,11337052,11384922
Kazakhstan,KAZ,"Population, total",SP.POP.TOTL,18276452,18513673,18755666,19000988,19621972,19841426,20079412
Kenya,KEN,"Population, total",SP.POP.TOTL,49953304,50951450,51985780,53005614,54027487,55100586,56203030
Kiribati,KIR,"Population, total",SP.POP.TOTL,122261,124241,126463,128874,131232,133515,135763
"Korea, Dem. People's Rep.",PRK,"Population, total",SP.POP.TOTL,25638149,25755441,25867467,25971909,26069416,26160821,26244582
"Korea, Rep.",KOR,"Population, total",SP.POP.TOTL,51585058,51764822,51836239,51744876,51628117,51559476,51482304
Kosovo,XKX,"Population, total",SP.POP.TOTL,1797085,1788878,1790133,1786038,1761985,1766104,1770233
Kuwait,KWT,"Population, total",SP.POP.TOTL,4317185,4441100,4360444,4250114,4268873,4310108,4349380
Kyrgyz Republic,KGZ,"Population, total",SP.POP.TOTL,6322800,6456200,6579900,6773400,6974900,7085921,7197110
Lao PDR,LAO,"Population, total",SP.POP.TOTL,7105006,7212053,7319399,7425057,7529475,7633779,7736681
Late-demographic dividend,LTE,"Population, total",SP.POP.TOTL,2298987594,2309491804,2317277554,2322606486,2325542891,2326847004,2328624907
Latin America & Caribbean,LCN,"Population, total",SP.POP.TOTL,639628226,645295804,650534986,654980630,659310564,663972136,668933577
Latin America & Caribbean (excluding high income),LAC,"Population, total",SP.POP.TOTL,576620516,582701622,588011178,592503434,596596955,600689332,604984953
Latin America & the Caribbean (IDA & IBRD countries),TLA,"Population, total",SP.POP.TOTL,623841282,629515571,634680385,639188695,643602758,648344991,653316273
Latvia,LVA,"Population, total",SP.POP.TOTL,1927174,1913822,1900449,1884490,1879383,1858606,1838631
Least developed countries: UN classification,LDC,"Population, total",SP.POP.TOTL,1023493788,1048193552,1073743450,1099568566,1125179454,1151134198,1177594930
Lebanon,LBN,"Population, total",SP.POP.TOTL,5950839,5781907,5662923,5592631,5489739,5353930,5219044
Lesotho,LSO,"Population, total",SP.POP.TOTL,2198017,2225702,2254100,2281454,2305825,2330318,2356083
Liberia,LBR,"Population, total",SP.POP.TOTL,4889391,4985289,5087584,5193416,5302681,5418377,5536949
Libya,LBY,"Population, total",SP.POP.TOTL,6477793,6569088,6653942,6735277,6812341,6888388,6964197
Liechtenstein,LIE,"Population, total",SP.POP.TOTL,38181,38482,38756,39039,39327,39584,39822
Lithuania,LTU,"Population, total",SP.POP.TOTL,2801543,2794137,2794885,2800839,2831639,2803946,2777843
Low & middle income,LMY,"Population, total",SP.POP.TOTL,6399036689,6476092964,6549996251,6618837270,6678280291,6746924578,6818180071
Low income,LIC,"Population, total",SP.POP.TOTL,630865826,648755452,667053670,685250041,703727949,722984063,742684477
Lower middle income,LMC,"Population, total",SP.POP.TOTL,3033153113,3075311775,3117225754,3157462375,3190184199,3232011333,3275417777
Luxembourg,LUX,"Population, total",SP.POP.TOTL,607950,620001,630419,640064,653103,659904,666440
"Macao SAR, China",MAC,"Population, total",SP.POP.TOTL,650991,663653,676283,686607,695168,704149,713082
Madagascar,MDG,"Population, total",SP.POP.TOTL,26846541,27533134,28225177,28915653,29611714,30325732,31056610
Malawi,MWI,"Population, total",SP.POP.TOTL,18367883,18867337,19377061,19889742,20405317,20931751,21475962
Malaysia,MYS,"Population, total",SP.POP.TOTL,32399271,32804020,33199993,33573874,33938221,34308525,34671895
Maldives,MDV,"Population, total",SP.POP.TOTL,489758,504508,514438,521457,523787,521021,517887
Mali,MLI,"Population, total",SP.POP.TOTL,19934298,20567424,21224040,21904983,22593590,23293698,24015789
Malta,MLT,"Population, total",SP.POP.TOTL,484630,504062,515332,518536,531113,532616,533982
Marshall Islands,MHL,"Population, total",SP.POP.TOTL,45989,44728,43413,42050,41569,41996,42415
Mauritania,MRT,"Population, total",SP.POP.TOTL,4270712,4383849,4498604,4614974,4736139,4862989,4993922
Mauritius,MUS,"Population, total",SP.POP.TOTL,1265577,1265985,1266014,1266334,1262523,1263939,1265199
Mexico,MEX,"Population, total",SP.POP.TOTL,124013861,125085311,125998302,126705138,127504125,128455567,129388467
"Micronesia, Fed. Sts.",FSM,"Population, total",SP.POP.TOTL,110929,111379,112106,113131,114164,115224,116300
Middle East & North Africa,MEA,"Population, total",SP.POP.TOTL,465073490,473201775,479966649,486174763,493279469,500703769,508180326
Middle East & North Africa (excluding high income),MNA,"Population, total",SP.POP.TOTL,398375344,405259403,411810124,418047201,424328381,430850589,437438910
Middle East & North Africa (IDA & IBRD countries),TMN,"Population, total",SP.POP.TOTL,393806257,400574097,407006855,413124452,419284769,425691336,432160987
Middle income,MIC,"Population, total",SP.POP.TOTL,5768170863,5827337512,5882942581,5933587229,5974552342,6023940515,6075495594
Moldova,MDA,"Population, total",SP.POP.TOTL,2707203,2664224,2635130,2595809,2538894,2411126,2316377
Monaco,MCO,"Population, total",SP.POP.TOTL,37029,37034,36922,36686,36469,36297,36157
Mongolia,MNG,"Population, total",SP.POP.TOTL,3163991,3232430,3294335,3347782,3398366,3447157,3493629
Montenegro,MNE,"Population, total",SP.POP.TOTL,622227,622028,621306,619211,617213,616791,616369
Morocco,MAR,"Population, total",SP.POP.TOTL,35927511,36304408,36688772,37076584,37457971,37840044,38211459
Mozambique,MOZ,"Population, total",SP.POP.TOTL,29423878,30285595,31178239,32077072,32969518,33897354,34858402
Myanmar,MMR,"Population, total",SP.POP.TOTL,52666014,53040212,53423198,53798084,54179306,54577997,54964694
Namibia,NAM,"Population, total",SP.POP.TOTL,2405680,2446644,2489098,2530151,2567012,2604172,2645805
Nauru,NRU,"Population, total",SP.POP.TOTL,11924,12132,12315,12511,12668,12780,12884
Nepal,NPL,"Population, total",SP.POP.TOTL,28506712,28832496,29348627,30034989,30547580,30896590,31240315
Netherlands,NLD,"Population, total",SP.POP.TOTL,17231624,17344874,17441500,17533044,17700982,17748150,17793202
New Caledonia,NCL,"Population, total",SP.POP.TOTL,271170,271240,271080,270390,269220,271940,274605
New Zealand,NZL,"Population, total",SP.POP.TOTL,4900600,4979200,5090200,5111400,5124100,5163908,5202830
Nicaragua,NIC,"Population, total",SP.POP.TOTL,6572233,6663924,6755895,6850540,6948392,7046310,7142529
Niger,NER,"Population, total",SP.POP.TOTL,22577058,23443393,24333639,25252722,26207977,27202843,28238972
Nigeria,NGA,"Population, total",SP.POP.TOTL,198387623,203304492,208327405,213401323,218541212,223804632,229152217
North America,NAC,"Population, total",SP.POP.TOTL,363967201,365995094,369582571,370321816,372280991,374265128,376276996
North Macedonia,MKD,"Population, total",SP.POP.TOTL,2076217,2076694,2072531,2065092,2057679,2051957,2051616
Northern Mariana Islands,MNP,"Population, total",SP.POP.TOTL,50304,49858,49587,49481,49551,49796,50025
Norway,NOR,"Population, total",SP.POP.TOTL,5311916,5347896,5379475,5408320,5457127,5496014,5534431
OECD members,OED,"Population, total",SP.POP.TOTL,1354836308,1362014902,1369465369,1371917156,1376606817,1378909124,1381451463
Oman,OMN,"Population, total",SP.POP.TOTL,4601157,4602768,4543399,4520471,4576298,4644384,4713553
Other small states,OSS,"Population, total",SP.POP.TOTL,31494491,32005477,32381464,32708277,33169026,33595438,34031149
Pacific island small states,PSS,"Population, total",SP.POP.TOTL,2510226,2536070,2566819,2602173,2639019,2677728,2716610
Pakistan,PAK,"Population, total",SP.POP.TOTL,219731479,223293280,227196741,231402117,235824862,240485658,245209815
Palau,PLW,"Population, total",SP.POP.TOTL,17864,17916,17972,18024,18055,18058,18051
Panama,PAN,"Population, total",SP.POP.TOTL,4165255,4232532,4294396,4351267,4408581,4468087,4527961
Papua New Guinea,PNG,"Population, total",SP.POP.TOTL,9329227,9542486,9749640,9949437,10142619,10329931,10515788
Paraguay,PRY,"Population, total",SP.POP.TOTL,6443328,6530026,6618695,6703799,6780744,6861524,6947270
Peru,PER,"Population, total",SP.POP.TOTL,32203944,32824861,33304756,33715471,34049588,34352719,34683444
Philippines,PHL,"Population, total",SP.POP.TOTL,108568836,110380804,112190977,113880328,115559009,117337368,119106224
Poland,POL,"Population, total",SP.POP.TOTL,37974750,37965475,37899070,37747124,36821749,35885420,35151336
Portugal,PRT,"Population, total",SP.POP.TOTL,10283822,10286263,10297081,10361831,10409704,10382854,10355641
Post-demographic dividend,PST,"Population, total",SP.POP.TOTL,1110123356,1113305347,1117418072,1116569892,1113495082,1116310119,1118831449
Pre-demographic dividend,PRE,"Population, total",SP.POP.TOTL,931467165,957503246,984213438,1011043183,1038012552,1065710613,1094043760
Puerto Rico,PRI,"Population, total",SP.POP.TOTL,3193354,3193694,3281557,3262693,3221789,3229412,3235429
Qatar,QAT,"Population, total",SP.POP.TOTL,2766732,2807235,2760385,2688235,2695122,2716391,2737061
Romania,ROU,"Population, total",SP.POP.TOTL,19473970,19371648,19265250,19122059,19047009,18714814,18482144
Russian Federation,RUS,"Population, total",SP.POP.TOTL,144477859,144406261,144073139,144130482,144236933,143715712,143249792
Rwanda,RWA,"Population, total",SP.POP.TOTL,12531808,12835028,13146362,13461888,13776698,14094683,14414910
Samoa,WSM,"Population, total",SP.POP.TOTL,209701,211905,214929,218764,222382,225681,228966
San Marino,SMR,"Population, total",SP.POP.TOTL,34156,34178,34007,33745,33660,33642,33614
Sao Tome and Principe,STP,"Population, total",SP.POP.TOTL,211344,214599,218641,223107,227380,231856,236381
Saudi Arabia,SAU,"Population, total",SP.POP.TOTL,35018133,35827362,35997107,35950396,36408820,36947025,37473929
Senegal,SEN,"Population, total",SP.POP.TOTL,15574909,16000781,16436120,16876720,17316449,17763163,18221567
Serbia,SRB,"Population, total",SP.POP.TOTL,6982604,6945235,6899126,6834326,6664449,6604989,6566006
Seychelles,SYC,"Population, total",SP.POP.TOTL,96762,97625,98462,99258,119878,120622,121327
Sierra Leone,SLE,"Population, total",SP.POP.TOTL,7861281,8046828,8233970,8420641,8605718,8791092,8977972
Singapore,SGP,"Population, total",SP.POP.TOTL,5638676,5703569,5685807,5453566,5637022,5673743,5709813
Sint Maarten (Dutch part),SXM,"Population, total",SP.POP.TOTL,40895,41608,42310,42668,42848,..,..
Slovak Republic,SVK,"Population, total",SP.POP.TOTL,5446771,5454147,5458827,5447247,5431752,5322188,5237360
Slovenia,SVN,"Population, total",SP.POP.TOTL,2073894,2088385,2102419,2108079,2111986,2111064,2109952
Small states,SST,"Population, total",SP.POP.TOTL,41379367,41965649,42393051,42792327,43313523,43801385,44300670
Solomon Islands,SLB,"Population, total",SP.POP.TOTL,659249,674993,691191,707851,724273,740424,756673
Somalia,SOM,"Population, total",SP.POP.TOTL,15411094,15981300,16537016,17065581,17597511,18143378,18706922
South Africa,ZAF,"Population, total",SP.POP.TOTL,57339635,58087055,58801927,59392255,59893885,60414495,61020221
South Asia,SAS,"Population, total",SP.POP.TOTL,1840534093,1861598514,1882531620,1901911604,1919348000,1938753833,1959850736
South Asia (IDA & IBRD),TSA,"Population, total",SP.POP.TOTL,1840534093,1861598514,1882531620,1901911604,1919348000,1938753833,1959850736
South Sudan,SSD,"Population, total",SP.POP.TOTL,10395329,10447666,10606227,10748272,10913164,11088796,11277092
Spain,ESP,"Population, total",SP.POP.TOTL,46797754,47134837,47365655,47415794,47778340,47732632,47678684
Sri Lanka,LKA,"Population, total",SP.POP.TOTL,21670000,21803000,21919000,22156000,22181000,22241304,22296324
St. Kitts and Nevis,KNA,"Population, total",SP.POP.TOTL,47761,47712,47642,47606,47657,47755,47847
St. Lucia,LCA,"Population, total",SP.POP.TOTL,177888,178583,179237,179651,179857,180251,180805
St. Martin (French part),MAF,"Population, total",SP.POP.TOTL,33852,33121,32553,31948,31791,..,..
St. Vincent and the Grenadines,VCT,"Population, total",SP.POP.TOTL,105281,104924,104632,104332,103948,103698,103683
Sub-Saharan Africa,SSF,"Population, total",SP.POP.TOTL,1092403973,1121549049,1151302081,1181163013,1211190002,1241901564,1273375545
Sub-Saharan Africa (excluding high income),SSA,"Population, total",SP.POP.TOTL,1092307211,1121451424,1151203619,1181063755,1211070124,1241780942,1273254218
Sub-Saharan Africa (IDA & IBRD countries),TSS,"Population, total",SP.POP.TOTL,1092403973,1121549049,1151302081,1181163013,1211190002,1241901564,1273375545
Sudan,SDN,"Population, total",SP.POP.TOTL,41999059,43232093,44440486,45657202,46874204,48109006,49358228
Suriname,SUR,"Population, total",SP.POP.TOTL,593715,600301,607065,612985,618040,623236,628785
Sweden,SWE,"Population, total",SP.POP.TOTL,10175214,10278887,10353442,10415811,10486941,10544776,10600615
Switzerland,CHE,"Population, total",SP.POP.TOTL,8514329,8575280,8638167,8704546,8775760,8827979,8878451
Syrian Arab Republic,SYR,"Population, total",SP.POP.TOTL,19333463,20098251,20772595,21324367,22125249,23227014,24348053
Tajikistan,TJK,"Population, total",SP.POP.TOTL,9128132,9337003,9543207,9750064,9952787,10143543,10331513
Tanzania,TZA,"Population, total",SP.POP.TOTL,58090443,59872579,61704518,63588334,65497748,67438106,69419073
Thailand,THA,"Population, total",SP.POP.TOTL,71127802,71307763,71475664,71601103,71697030,71801279,71885799
Timor-Leste,TLS,"Population, total",SP.POP.TOTL,1261845,1280438,1299995,1320942,1341296,1360596,1379883
Togo,TGO,"Population, total",SP.POP.TOTL,8046679,8243094,8442580,8644829,8848699,9053799,9260864
Tonga,TON,"Population, total",SP.POP.TOTL,105150,104951,105254,106017,106858,107773,108683
Trinidad and Tobago,TTO,"Population, total",SP.POP.TOTL,1504709,1519955,1518147,1525663,1531044,1534937,1538200
Tunisia,TUN,"Population, total",SP.POP.TOTL,11933041,12049314,12161723,12262946,12356117,12458223,12564689
Turkiye,TUR,"Population, total",SP.POP.TOTL,81407204,82579440,83384680,84147318,84979913,85424312,85858536
Turkmenistan,TKM,"Population, total",SP.POP.TOTL,6065066,6158420,6250438,6341855,6430770,6516100,6598071
Turks and Caicos Islands,TCA,"Population, total",SP.POP.TOTL,41487,43080,44276,45114,45703,46062,46431
Tuvalu,TUV,"Population, total",SP.POP.TOTL,10865,10956,11069,11204,11312,11396,11478
Uganda,UGA,"Population, total",SP.POP.TOTL,41515395,42949080,44404611,45853778,47249585,48582334,49924252
Ukraine,UKR,"Population, total",SP.POP.TOTL,44622518,44386203,44132049,43822901,38000000,39414596,40512184
United Arab Emirates,ARE,"Population, total",SP.POP.TOTL,9140169,9211657,9287289,9365145,9441129,9516871,9591853
United Kingdom,GBR,"Population, total",SP.POP.TOTL,66460344,66836327,67081234,67026292,66971395,67184072,67389856
United States,USA,"Population, total",SP.POP.TOTL,326838199,328329953,331511512,332031554,333287557,335020960,336721632
Upper middle income,UMC,"Population, total",SP.POP.TOTL,2735017750,2752025737,2765716827,2776124854,2784368143,2791929182,2800077817
Uruguay,URY,"Population, total",SP.POP.TOTL,3427042,3428409,3429086,3426260,3422794,3423108,3423316
Uzbekistan,UZB,"Population, total",SP.POP.TOTL,32956100,33580350,34232050,34915100,35648100,36194172,36714380
Vanuatu,VUT,"Population, total",SP.POP.TOTL,297298,304404,311685,319137,326740,334506,342325
"Venezuela, RB",VEN,"Population, total",SP.POP.TOTL,29825653,28971683,28490453,28199867,28301696,28838499,29395334
Viet Nam,VNM,"Population, total",SP.POP.TOTL,94914330,95776716,96648685,97468029,98186856,98858950,99497680
Virgin Islands (U.S.),VIR,"Population, total",SP.POP.TOTL,107001,106669,106290,105870,105413,104711,103972
West Bank and Gaza,PSE,"Population, total",SP.POP.TOTL,4569087,4685306,4803269,4922749,5043612,5159253,5277923
"Yemen, Rep.",YEM,"Population, total",SP.POP.TOTL,30790513,31546691,32284046,32981641,33696614,34449825,35219853
Zambia,ZMB,"Population, total",SP.POP.TOTL,17835893,18380477,18927715,19473125,20017675,20569737,21134695
Zimbabwe,ZWE,"Population, total",SP.POP.TOTL,15052184,15354608,15669666,15993524,16320537,16665409,17020321